[
  {
    "id": "22c25257-0c6e-4785-9698-de4d7559d82a",
    "data": [
      {
        "text": "Greetings",
        "userDefined": false
      }
    ],
    "isTemplate": false,
    "count": 0,
    "updated": 1533066403
  },
  {
    "id": "bc7e3bdc-db16-4c6d-95f1-f3f148f70628",
    "data": [
      {
        "text": "What\u0027s up!",
        "userDefined": false
      }
    ],
    "isTemplate": false,
    "count": 0,
    "updated": 1533066403
  },
  {
    "id": "896c53c8-6934-43d0-b52c-14d03e4f4778",
    "data": [
      {
        "text": "Hey!",
        "userDefined": false
      }
    ],
    "isTemplate": false,
    "count": 0,
    "updated": 1533066403
  },
  {
    "id": "3c37d12f-b834-4562-9ceb-2f7036c18119",
    "data": [
      {
        "text": "Good Morning",
        "userDefined": false
      }
    ],
    "isTemplate": false,
    "count": 0,
    "updated": 1533066403
  },
  {
    "id": "fa44ea07-ad35-4a14-99fa-582d0eac73f6",
    "data": [
      {
        "text": "Hi",
        "userDefined": false
      }
    ],
    "isTemplate": false,
    "count": 0,
    "updated": 1533066403
  },
  {
    "id": "984e42aa-4633-4d30-bc4a-5077af5ffec6",
    "data": [
      {
        "text": "Hello",
        "userDefined": false
      }
    ],
    "isTemplate": false,
    "count": 0,
    "updated": 1529627272
  }
]