[
  {
    "id": "ecc36e04-ad9a-473a-925d-8a28ed46b0d3",
    "data": [
      {
        "text": "2906048800617",
        "userDefined": false
      }
    ],
    "isTemplate": false,
    "count": 0,
    "updated": 1535263467
  },
  {
    "id": "0e82fe7d-8b3d-439e-bccc-a018d3426eba",
    "data": [
      {
        "text": "29206058800617",
        "alias": "nationalId",
        "meta": "@sys.any",
        "userDefined": false
      }
    ],
    "isTemplate": false,
    "count": 0,
    "updated": 1535263467
  },
  {
    "id": "267edc5e-f184-4ef7-b40a-b50761e92aea",
    "data": [
      {
        "text": "29506048800617",
        "alias": "nationalId",
        "meta": "@sys.any",
        "userDefined": false
      }
    ],
    "isTemplate": false,
    "count": 0,
    "updated": 1535263467
  },
  {
    "id": "5a93ee8c-b58c-421d-8067-c2046b92f8d2",
    "data": [
      {
        "text": "29406048800617",
        "alias": "nationalId",
        "meta": "@sys.any",
        "userDefined": false
      }
    ],
    "isTemplate": false,
    "count": 0,
    "updated": 1535263467
  },
  {
    "id": "86caf7da-e8c5-4a17-9aed-1cf5b6643578",
    "data": [
      {
        "text": "29206048800617",
        "alias": "nationalId",
        "meta": "@sys.any",
        "userDefined": false
      }
    ],
    "isTemplate": false,
    "count": 3,
    "updated": 1535263467
  },
  {
    "id": "0d14aee4-f732-478c-a697-1ee192d30c4c",
    "data": [
      {
        "text": "29206048800617",
        "alias": "nationalId",
        "meta": "@sys.any",
        "userDefined": true
      },
      {
        "text": " is my ID",
        "userDefined": false
      }
    ],
    "isTemplate": false,
    "count": 1,
    "updated": 1535263467
  },
  {
    "id": "b0a9fff7-ea3e-4957-9498-db9301d59dcd",
    "data": [
      {
        "text": "Id is ",
        "userDefined": false
      },
      {
        "text": "29206048800617",
        "alias": "nationalId",
        "meta": "@sys.any",
        "userDefined": true
      }
    ],
    "isTemplate": false,
    "count": 1,
    "updated": 1535263467
  },
  {
    "id": "5b384a73-e843-4bab-bb92-6ba620961932",
    "data": [
      {
        "text": "The ID is ",
        "userDefined": false
      },
      {
        "text": "29206048800617",
        "alias": "nationalId",
        "meta": "@sys.any",
        "userDefined": true
      }
    ],
    "isTemplate": false,
    "count": 0,
    "updated": 1535263467
  },
  {
    "id": "c6afda16-2a90-492e-96bf-aa149681c743",
    "data": [
      {
        "text": "It\u0027s ",
        "userDefined": false
      },
      {
        "text": "29206048800617",
        "alias": "nationalId",
        "meta": "@sys.any",
        "userDefined": true
      }
    ],
    "isTemplate": false,
    "count": 0,
    "updated": 1535263467
  },
  {
    "id": "a360deb6-d03a-4de2-a6a5-afd546f37726",
    "data": [
      {
        "text": "National ID ",
        "userDefined": false
      },
      {
        "text": "29206048800617",
        "alias": "nationalId",
        "meta": "@sys.any",
        "userDefined": true
      }
    ],
    "isTemplate": false,
    "count": 1,
    "updated": 1535263467
  },
  {
    "id": "d6548722-eb12-4132-9990-c12911b8c15d",
    "data": [
      {
        "text": "My National ID is ",
        "userDefined": false
      },
      {
        "text": "29206048800617",
        "alias": "nationalId",
        "meta": "@sys.any",
        "userDefined": true
      }
    ],
    "isTemplate": false,
    "count": 0,
    "updated": 1535263467
  }
]